{
    "timestamp": "2024-10-30T17:53:17.505027",
    "market_regime": "normal",
    "performance_comparison": {
        "in_sample": {
            "sharpe_ratio": 0.03492209094107362,
            "win_rate": 0.5626959247648903,
            "profit_factor": 1.097342081472161,
            "max_drawdown": 0.3169795601672307,
            "volatility": 0.19043257316550982,
            "avg_return": null,
            "sortino_ratio": null,
            "calmar_ratio": null,
            "total_trades": null,
            "winning_trades": null,
            "losing_trades": null
        },
        "out_sample": {
            "sharpe_ratio": -0.06382288920984847,
            "win_rate": 0.49303621169916434,
            "profit_factor": 0.8484254689517802,
            "max_drawdown": 0.21008323433587886,
            "volatility": 0.12152521013258354,
            "avg_return": null,
            "sortino_ratio": null,
            "calmar_ratio": null,
            "total_trades": null,
            "winning_trades": null,
            "losing_trades": null
        },
        "degradation": {
            "sharpe_ratio": 0.09874498015092209,
            "win_rate": 0.06965971306572594,
            "profit_factor": 0.2489166125203809,
            "max_drawdown": 0.10689632583135186,
            "volatility": 0.06890736303292629
        }
    },
    "overfitting_analysis": {
        "performance_score": 0.40994258909257264,
        "stability_score": 0.0,
        "regime_score": 0.0,
        "complexity_score": 0.2533333333333333,
        "final_score": 0.1893103689703624,
        "threshold": 0.6
    },
    "regime_specific_thresholds": {
        "performance": 0.3,
        "stability": 0.4,
        "regime": 0.5,
        "complexity": 0.7,
        "final": 0.6
    },
    "recommendations": [
        "Significant performance degradation detected. Consider implementing more robust cross-validation techniques."
    ]
}