{
    "timestamp": "2024-11-05T00:30:28.944945",
    "market_regime": "normal",
    "performance_comparison": {
        "in_sample": {
            "sharpe_ratio": 0.03614292748672922,
            "win_rate": 0.5533661740558292,
            "profit_factor": 1.1010288891935434,
            "max_drawdown": 0.23014861757425586,
            "volatility": 0.19229945395958503,
            "total_return": 0.0,
            "annual_return": 0.0,
            "sortino_ratio": 0.0,
            "calmar_ratio": 0.0,
            "total_trades": 0,
            "alpha": 0.0,
            "beta": 0.0,
            "information_ratio": 0.0,
            "recovery_factor": 0.0
        },
        "out_sample": {
            "sharpe_ratio": -0.13945605854871934,
            "win_rate": 0.48695652173913045,
            "profit_factor": 0.699397547242464,
            "max_drawdown": 0.33132538937270234,
            "volatility": 0.12301170937226241,
            "total_return": 0.0,
            "annual_return": 0.0,
            "sortino_ratio": 0.0,
            "calmar_ratio": 0.0,
            "total_trades": 0,
            "alpha": 0.0,
            "beta": 0.0,
            "information_ratio": 0.0,
            "recovery_factor": 0.0
        },
        "degradation": {
            "sharpe_ratio": 0.17559898603544855,
            "win_rate": 0.06640965231669876,
            "profit_factor": 0.4016313419510794,
            "max_drawdown": 0.10117677179844647,
            "volatility": 0.06928774458732262
        }
    },
    "overfitting_analysis": {
        "performance_score": 0.4569430356959285,
        "stability_score": 0.0,
        "regime_score": 0.0,
        "complexity_score": 0.2533333333333333,
        "final_score": 0.20811054761170472,
        "threshold": 0.6
    },
    "regime_specific_thresholds": {
        "performance": 0.3,
        "stability": 0.4,
        "regime": 0.5,
        "complexity": 0.7,
        "final": 0.6
    },
    "recommendations": [
        "Significant performance degradation detected. Consider implementing more robust cross-validation techniques."
    ]
}