{
    "timestamp": "2024-11-03T12:09:06.068216",
    "market_regime": "normal",
    "performance_comparison": {
        "in_sample": {
            "sharpe_ratio": -0.004622058766608005,
            "win_rate": 0.4909560723514212,
            "profit_factor": 0.9876931230463788,
            "max_drawdown": 0.15572785543510873,
            "volatility": 0.20027525791658224,
            "avg_return": null,
            "sortino_ratio": null,
            "calmar_ratio": null,
            "total_trades": null,
            "winning_trades": null,
            "losing_trades": null
        },
        "out_sample": {
            "sharpe_ratio": -0.18421931956482518,
            "win_rate": 0.398406374501992,
            "profit_factor": 0.6120422501620097,
            "max_drawdown": 0.3384395413071323,
            "volatility": 0.12116675932254169,
            "avg_return": null,
            "sortino_ratio": null,
            "calmar_ratio": null,
            "total_trades": null,
            "winning_trades": null,
            "losing_trades": null
        },
        "degradation": {
            "sharpe_ratio": 0.17959726079821717,
            "win_rate": 0.09254969784942918,
            "profit_factor": 0.37565087288436905,
            "max_drawdown": 0.18271168587202355,
            "volatility": 0.07910849859404055
        }
    },
    "overfitting_analysis": {
        "performance_score": 0.5927679096479707,
        "stability_score": 0.0,
        "regime_score": 0.0,
        "complexity_score": 0.2533333333333333,
        "final_score": 0.2624404971925216,
        "threshold": 0.6
    },
    "regime_specific_thresholds": {
        "performance": 0.3,
        "stability": 0.4,
        "regime": 0.5,
        "complexity": 0.7,
        "final": 0.6
    },
    "recommendations": [
        "Significant performance degradation detected. Consider implementing more robust cross-validation techniques."
    ]
}