{
    "timestamp": "20241029_225329",
    "market_regime": "normal",
    "performance_comparison": {
        "in_sample": {
            "sharpe_ratio": 0.03331556890512955,
            "win_rate": 0.5659509202453987,
            "profit_factor": 1.1119240136326287,
            "max_drawdown": 0.24838932761777963,
            "volatility": 0.1901427872197043,
            "avg_return": null,
            "sortino_ratio": null,
            "calmar_ratio": null,
            "total_trades": null,
            "winning_trades": null,
            "losing_trades": null
        },
        "out_sample": {
            "sharpe_ratio": -0.11385986677794992,
            "win_rate": 0.4657534246575342,
            "profit_factor": 0.7636108850099451,
            "max_drawdown": 0.33662822157327194,
            "volatility": 0.12233878487258283,
            "avg_return": null,
            "sortino_ratio": null,
            "calmar_ratio": null,
            "total_trades": null,
            "winning_trades": null,
            "losing_trades": null
        },
        "degradation": {
            "sharpe_ratio": 0.14717543568307948,
            "win_rate": 0.1001974955878645,
            "profit_factor": 0.3483131286226836,
            "max_drawdown": 0.08823889395549231,
            "volatility": 0.06780400234712146
        }
    },
    "overfitting_analysis": {
        "performance_score": 0.44042697100073064,
        "stability_score": 0.0,
        "regime_score": 0.0,
        "complexity_score": 0.2533333333333333,
        "final_score": 0.20150412173362559,
        "threshold": 0.6
    },
    "regime_specific_thresholds": {
        "performance": 0.3,
        "stability": 0.4,
        "regime": 0.5,
        "complexity": 0.7,
        "final": 0.6
    },
    "recommendations": [
        "Significant performance degradation detected. Consider implementing more robust cross-validation techniques."
    ],
    "model_parameters": {
        "n_features": 18,
        "max_depth": 5,
        "n_estimators": 100,
        "min_samples_leaf": 20
    },
    "feature_importance": {
        "SMA_50": 0.041622440782289764,
        "SMA_200": 0.061639459188145194,
        "RSI": 0.04911930373172616,
        "RSI_Z": 0.05856994298601781,
        "MACD": 0.04329184540724279,
        "MACD_signal": 0.05738269058181254,
        "MACD_diff": 0.056989226380949685,
        "MACD_Z": 0.05291761190313001,
        "ADX": 0.07983592046031698,
        "ATR": 0.06280417136035232,
        "Volume_Ratio": 0.056545397582272984,
        "volume": 0.05961120321890801,
        "OBV": 0.057437125679784456,
        "VWAP": 0.05572469152752005,
        "Momentum": 0.059602104522408376,
        "Stoch_K": 0.050978654535150617,
        "Stoch_D": 0.03407022627745749,
        "BB_width": 0.06185798387451476
    }
}