{
    "timestamp": "2024-11-03T12:03:40.402070",
    "market_regime": "normal",
    "performance_comparison": {
        "in_sample": {
            "sharpe_ratio": -0.026438354122766346,
            "win_rate": 0.4883720930232558,
            "profit_factor": 0.9296849851213917,
            "max_drawdown": 0.23953541376948842,
            "volatility": 0.15588327549962194,
            "avg_return": null,
            "sortino_ratio": null,
            "calmar_ratio": null,
            "total_trades": null,
            "winning_trades": null,
            "losing_trades": null
        },
        "out_sample": {
            "sharpe_ratio": -0.1988044798209936,
            "win_rate": 0.38645418326693226,
            "profit_factor": 0.5885404307456183,
            "max_drawdown": 0.32452368944924065,
            "volatility": 0.12084074181120416,
            "avg_return": null,
            "sortino_ratio": null,
            "calmar_ratio": null,
            "total_trades": null,
            "winning_trades": null,
            "losing_trades": null
        },
        "degradation": {
            "sharpe_ratio": 0.17236612569822726,
            "win_rate": 0.10191790975632353,
            "profit_factor": 0.3411445543757734,
            "max_drawdown": 0.08498827567975223,
            "volatility": 0.03504253368841778
        }
    },
    "overfitting_analysis": {
        "performance_score": 0.4310479831308302,
        "stability_score": 0.0,
        "regime_score": 0.0,
        "complexity_score": 0.2533333333333333,
        "final_score": 0.19775252658566544,
        "threshold": 0.6
    },
    "regime_specific_thresholds": {
        "performance": 0.3,
        "stability": 0.4,
        "regime": 0.5,
        "complexity": 0.7,
        "final": 0.6
    },
    "recommendations": [
        "Significant performance degradation detected. Consider implementing more robust cross-validation techniques."
    ]
}