{
    "timestamp": "2024-10-30T20:29:26.727696",
    "market_regime": "normal",
    "performance_comparison": {
        "in_sample": {
            "sharpe_ratio": 0.044795524688719286,
            "win_rate": 0.5644171779141104,
            "profit_factor": 1.126357765481152,
            "max_drawdown": 0.265734470416017,
            "volatility": 0.19010375751853698,
            "avg_return": null,
            "sortino_ratio": null,
            "calmar_ratio": null,
            "total_trades": null,
            "winning_trades": null,
            "losing_trades": null
        },
        "out_sample": {
            "sharpe_ratio": -0.06855947909405005,
            "win_rate": 0.4904109589041096,
            "profit_factor": 0.8365466647600648,
            "max_drawdown": 0.28485195610946884,
            "volatility": 0.12270503342292811,
            "avg_return": null,
            "sortino_ratio": null,
            "calmar_ratio": null,
            "total_trades": null,
            "winning_trades": null,
            "losing_trades": null
        },
        "degradation": {
            "sharpe_ratio": 0.11335500378276933,
            "win_rate": 0.07400621901000082,
            "profit_factor": 0.2898111007210873,
            "max_drawdown": 0.01911748569345184,
            "volatility": 0.06739872409560886
        }
    },
    "overfitting_analysis": {
        "performance_score": 0.36297952503406145,
        "stability_score": 0.0,
        "regime_score": 0.0,
        "complexity_score": 0.2533333333333333,
        "final_score": 0.1705251433469579,
        "threshold": 0.6
    },
    "regime_specific_thresholds": {
        "performance": 0.3,
        "stability": 0.4,
        "regime": 0.5,
        "complexity": 0.7,
        "final": 0.6
    },
    "recommendations": [
        "Significant performance degradation detected. Consider implementing more robust cross-validation techniques."
    ]
}