{
    "timestamp": "2024-11-04T00:24:15.997483",
    "market_regime": "normal",
    "performance_comparison": {
        "in_sample": {
            "sharpe_ratio": 0.026322509076991314,
            "win_rate": 0.5555555555555556,
            "profit_factor": 1.0731218372184108,
            "max_drawdown": 0.13230554281347923,
            "volatility": 0.17993720967886248,
            "total_return": 0.0,
            "annual_return": 0.0,
            "sortino_ratio": 0.0,
            "calmar_ratio": 0.0,
            "total_trades": 0,
            "alpha": 0.0,
            "beta": 0.0,
            "information_ratio": 0.0,
            "recovery_factor": 0.0
        },
        "out_sample": {
            "sharpe_ratio": -0.007359493678576122,
            "win_rate": 0.48172757475083056,
            "profit_factor": 0.9807423414243188,
            "max_drawdown": 0.14616118441116893,
            "volatility": 0.17811212567041299,
            "total_return": 0.0,
            "annual_return": 0.0,
            "sortino_ratio": 0.0,
            "calmar_ratio": 0.0,
            "total_trades": 0,
            "alpha": 0.0,
            "beta": 0.0,
            "information_ratio": 0.0,
            "recovery_factor": 0.0
        },
        "degradation": {
            "sharpe_ratio": 0.03368200275556744,
            "win_rate": 0.07382798080472502,
            "profit_factor": 0.09237949579409199,
            "max_drawdown": 0.013855641597689705,
            "volatility": 0.0018250840084494957
        }
    },
    "overfitting_analysis": {
        "performance_score": 0.2667685298124332,
        "stability_score": 0.0,
        "regime_score": 0.0,
        "complexity_score": 0.2533333333333333,
        "final_score": 0.1320407452583066,
        "threshold": 0.6
    },
    "regime_specific_thresholds": {
        "performance": 0.3,
        "stability": 0.4,
        "regime": 0.5,
        "complexity": 0.7,
        "final": 0.6
    },
    "recommendations": [
        "Model performance is within acceptable parameters. Continue monitoring for changes in market conditions."
    ]
}