{
    "timestamp": "2024-11-06T00:33:03.805321",
    "market_regime": "normal",
    "performance_comparison": {
        "in_sample": {
            "sharpe_ratio": -0.01337878862950936,
            "win_rate": 0.510130571814498,
            "profit_factor": 0.9585255762811129,
            "max_drawdown": 0.554238182215208,
            "volatility": 0.17054532630503874,
            "total_return": 0.0,
            "annual_return": 0.0,
            "sortino_ratio": 0.0,
            "calmar_ratio": 0.0,
            "total_trades": 0,
            "alpha": 0.0,
            "beta": 0.0,
            "information_ratio": 0.0,
            "recovery_factor": 0.0
        },
        "out_sample": {
            "sharpe_ratio": -0.02635930175622474,
            "win_rate": 0.4701348747591522,
            "profit_factor": 0.9318058685899782,
            "max_drawdown": 0.37387467169001093,
            "volatility": 0.16857874815266372,
            "total_return": 0.0,
            "annual_return": 0.0,
            "sortino_ratio": 0.0,
            "calmar_ratio": 0.0,
            "total_trades": 0,
            "alpha": 0.0,
            "beta": 0.0,
            "information_ratio": 0.0,
            "recovery_factor": 0.0
        },
        "degradation": {
            "sharpe_ratio": 0.01298051312671538,
            "win_rate": 0.039995697055345725,
            "profit_factor": 0.026719707691134742,
            "max_drawdown": 0.1803635105251971,
            "volatility": 0.001966578152375026
        }
    },
    "overfitting_analysis": {
        "performance_score": 0.2826933278319339,
        "stability_score": 0.0,
        "regime_score": 0.0,
        "complexity_score": 0.2533333333333333,
        "final_score": 0.1384106644661069,
        "threshold": 0.6
    },
    "regime_specific_thresholds": {
        "performance": 0.3,
        "stability": 0.4,
        "regime": 0.5,
        "complexity": 0.7,
        "final": 0.6
    },
    "recommendations": [
        "Model performance is within acceptable parameters. Continue monitoring for changes in market conditions."
    ]
}