{
    "timestamp": "2024-11-04T00:24:16.752124",
    "market_regime": "normal",
    "performance_comparison": {
        "in_sample": {
            "sharpe_ratio": 0.05457302083156126,
            "win_rate": 0.5697865353037767,
            "profit_factor": 1.1569274764384887,
            "max_drawdown": 0.20673190709531758,
            "volatility": 0.19134400809130087,
            "total_return": 0.0,
            "annual_return": 0.0,
            "sortino_ratio": 0.0,
            "calmar_ratio": 0.0,
            "total_trades": 0,
            "alpha": 0.0,
            "beta": 0.0,
            "information_ratio": 0.0,
            "recovery_factor": 0.0
        },
        "out_sample": {
            "sharpe_ratio": -0.059047201598653044,
            "win_rate": 0.5028901734104047,
            "profit_factor": 0.859743090307418,
            "max_drawdown": 0.2516976898095568,
            "volatility": 0.1258073280659673,
            "total_return": 0.0,
            "annual_return": 0.0,
            "sortino_ratio": 0.0,
            "calmar_ratio": 0.0,
            "total_trades": 0,
            "alpha": 0.0,
            "beta": 0.0,
            "information_ratio": 0.0,
            "recovery_factor": 0.0
        },
        "degradation": {
            "sharpe_ratio": 0.1136202224302143,
            "win_rate": 0.066896361893372,
            "profit_factor": 0.2971843861310707,
            "max_drawdown": 0.04496578271423923,
            "volatility": 0.06553668002533355
        }
    },
    "overfitting_analysis": {
        "performance_score": 0.3868589260844428,
        "stability_score": 0.0,
        "regime_score": 0.0,
        "complexity_score": 0.2533333333333333,
        "final_score": 0.18007690376711044,
        "threshold": 0.6
    },
    "regime_specific_thresholds": {
        "performance": 0.3,
        "stability": 0.4,
        "regime": 0.5,
        "complexity": 0.7,
        "final": 0.6
    },
    "recommendations": [
        "Significant performance degradation detected. Consider implementing more robust cross-validation techniques."
    ]
}