{
    "timestamp": "2024-11-03T14:46:39.940160",
    "market_regime": "normal",
    "performance_comparison": {
        "in_sample": {
            "sharpe_ratio": 0.07018058128023513,
            "win_rate": 0.5691489361702128,
            "profit_factor": 1.205350805548878,
            "max_drawdown": 0.1726333612680126,
            "volatility": 0.188333045522433,
            "avg_return": null,
            "sortino_ratio": null,
            "calmar_ratio": null,
            "total_trades": null,
            "winning_trades": null,
            "losing_trades": null
        },
        "out_sample": {
            "sharpe_ratio": -0.07334147425887219,
            "win_rate": 0.46788990825688076,
            "profit_factor": 0.8220147488525816,
            "max_drawdown": 0.22484017079560278,
            "volatility": 0.14585186239965262,
            "avg_return": null,
            "sortino_ratio": null,
            "calmar_ratio": null,
            "total_trades": null,
            "winning_trades": null,
            "losing_trades": null
        },
        "degradation": {
            "sharpe_ratio": 0.14352205553910732,
            "win_rate": 0.10125902791333202,
            "profit_factor": 0.38333605669629633,
            "max_drawdown": 0.05220680952759019,
            "volatility": 0.042481183122780375
        }
    },
    "overfitting_analysis": {
        "performance_score": 0.40478404041292376,
        "stability_score": 0.0,
        "regime_score": 0.0,
        "complexity_score": 0.2533333333333333,
        "final_score": 0.18724694949850285,
        "threshold": 0.6
    },
    "regime_specific_thresholds": {
        "performance": 0.3,
        "stability": 0.4,
        "regime": 0.5,
        "complexity": 0.7,
        "final": 0.6
    },
    "recommendations": [
        "Significant performance degradation detected. Consider implementing more robust cross-validation techniques."
    ]
}