{
    "timestamp": "2024-11-04T00:21:00.655429",
    "market_regime": "normal",
    "performance_comparison": {
        "in_sample": {
            "sharpe_ratio": 0.03949691389772791,
            "win_rate": 0.5668276972624798,
            "profit_factor": 1.1110369430800675,
            "max_drawdown": 0.26963148618634564,
            "volatility": 0.19112196270949014,
            "total_return": 0.0,
            "annual_return": 0.0,
            "sortino_ratio": 0.0,
            "calmar_ratio": 0.0,
            "total_trades": 0,
            "alpha": 0.0,
            "beta": 0.0,
            "information_ratio": 0.0,
            "recovery_factor": 0.0
        },
        "out_sample": {
            "sharpe_ratio": -0.032218200277992305,
            "win_rate": 0.50997150997151,
            "profit_factor": 0.920403962090542,
            "max_drawdown": 0.17396329579352965,
            "volatility": 0.12144755185258194,
            "total_return": 0.0,
            "annual_return": 0.0,
            "sortino_ratio": 0.0,
            "calmar_ratio": 0.0,
            "total_trades": 0,
            "alpha": 0.0,
            "beta": 0.0,
            "information_ratio": 0.0,
            "recovery_factor": 0.0
        },
        "degradation": {
            "sharpe_ratio": 0.07171511417572021,
            "win_rate": 0.05685618729096986,
            "profit_factor": 0.19063298098952552,
            "max_drawdown": 0.09566819039281599,
            "volatility": 0.0696744108569082
        }
    },
    "overfitting_analysis": {
        "performance_score": 0.39825053724973347,
        "stability_score": 0.0,
        "regime_score": 0.0,
        "complexity_score": 0.2533333333333333,
        "final_score": 0.18463354823322675,
        "threshold": 0.6
    },
    "regime_specific_thresholds": {
        "performance": 0.3,
        "stability": 0.4,
        "regime": 0.5,
        "complexity": 0.7,
        "final": 0.6
    },
    "recommendations": [
        "Significant performance degradation detected. Consider implementing more robust cross-validation techniques."
    ]
}