{
    "timestamp": "2024-11-04T00:17:01.878838",
    "market_regime": "normal",
    "performance_comparison": {
        "in_sample": {
            "sharpe_ratio": 0.07018058128023513,
            "win_rate": 0.5701598579040853,
            "profit_factor": 1.205350805548878,
            "max_drawdown": 0.16749529996553753,
            "volatility": 0.188333045522433,
            "total_return": 0.0,
            "annual_return": 0.0,
            "sortino_ratio": 0.0,
            "calmar_ratio": 0.0,
            "total_trades": 0,
            "alpha": 0.0,
            "beta": 0.0,
            "information_ratio": 0.0,
            "recovery_factor": 0.0
        },
        "out_sample": {
            "sharpe_ratio": -0.07334147425887219,
            "win_rate": 0.46932515337423314,
            "profit_factor": 0.8220147488525816,
            "max_drawdown": 0.21411913816433875,
            "volatility": 0.14585186239965262,
            "total_return": 0.0,
            "annual_return": 0.0,
            "sortino_ratio": 0.0,
            "calmar_ratio": 0.0,
            "total_trades": 0,
            "alpha": 0.0,
            "beta": 0.0,
            "information_ratio": 0.0,
            "recovery_factor": 0.0
        },
        "degradation": {
            "sharpe_ratio": 0.14352205553910732,
            "win_rate": 0.10083470452985216,
            "profit_factor": 0.38333605669629633,
            "max_drawdown": 0.046623838198801226,
            "volatility": 0.042481183122780375
        }
    },
    "overfitting_analysis": {
        "performance_score": 0.3997610493410681,
        "stability_score": 0.0,
        "regime_score": 0.0,
        "complexity_score": 0.2533333333333333,
        "final_score": 0.1852377530697606,
        "threshold": 0.6
    },
    "regime_specific_thresholds": {
        "performance": 0.3,
        "stability": 0.4,
        "regime": 0.5,
        "complexity": 0.7,
        "final": 0.6
    },
    "recommendations": [
        "Significant performance degradation detected. Consider implementing more robust cross-validation techniques."
    ]
}