{
    "timestamp": "2024-11-06T00:33:02.536752",
    "market_regime": "normal",
    "performance_comparison": {
        "in_sample": {
            "sharpe_ratio": -0.019265154492189622,
            "win_rate": 0.5202231520223152,
            "profit_factor": 0.9409756187072438,
            "max_drawdown": 0.579709893979338,
            "volatility": 0.16268799620560948,
            "total_return": 0.0,
            "annual_return": 0.0,
            "sortino_ratio": 0.0,
            "calmar_ratio": 0.0,
            "total_trades": 0,
            "alpha": 0.0,
            "beta": 0.0,
            "information_ratio": 0.0,
            "recovery_factor": 0.0
        },
        "out_sample": {
            "sharpe_ratio": -0.014693706807598851,
            "win_rate": 0.4503968253968254,
            "profit_factor": 0.9608614266606064,
            "max_drawdown": 0.33201395981644405,
            "volatility": 0.18497621318968874,
            "total_return": 0.0,
            "annual_return": 0.0,
            "sortino_ratio": 0.0,
            "calmar_ratio": 0.0,
            "total_trades": 0,
            "alpha": 0.0,
            "beta": 0.0,
            "information_ratio": 0.0,
            "recovery_factor": 0.0
        },
        "degradation": {
            "sharpe_ratio": 0.0045714476845907705,
            "win_rate": 0.06982632662548977,
            "profit_factor": 0.01988580795336259,
            "max_drawdown": 0.24769593416289398,
            "volatility": 0.022288216984079262
        }
    },
    "overfitting_analysis": {
        "performance_score": 0.1913846815463247,
        "stability_score": 0.0,
        "regime_score": 0.0,
        "complexity_score": 0.2533333333333333,
        "final_score": 0.10188720595186322,
        "threshold": 0.6
    },
    "regime_specific_thresholds": {
        "performance": 0.3,
        "stability": 0.4,
        "regime": 0.5,
        "complexity": 0.7,
        "final": 0.6
    },
    "recommendations": [
        "Model performance is within acceptable parameters. Continue monitoring for changes in market conditions."
    ]
}