{
    "timestamp": "2024-11-06T00:26:48.787753",
    "market_regime": "normal",
    "performance_comparison": {
        "in_sample": {
            "sharpe_ratio": 0.016637854698408235,
            "win_rate": 0.5344563552833078,
            "profit_factor": 1.0455444377518295,
            "max_drawdown": 0.23411171994603935,
            "volatility": 0.1864598728107336,
            "total_return": 0.0,
            "annual_return": 0.0,
            "sortino_ratio": 0.0,
            "calmar_ratio": 0.0,
            "total_trades": 0,
            "alpha": 0.0,
            "beta": 0.0,
            "information_ratio": 0.0,
            "recovery_factor": 0.0
        },
        "out_sample": {
            "sharpe_ratio": -0.18284181032882763,
            "win_rate": 0.41483516483516486,
            "profit_factor": 0.6204519329676428,
            "max_drawdown": 0.4270792828962394,
            "volatility": 0.11957294125638118,
            "total_return": 0.0,
            "annual_return": 0.0,
            "sortino_ratio": 0.0,
            "calmar_ratio": 0.0,
            "total_trades": 0,
            "alpha": 0.0,
            "beta": 0.0,
            "information_ratio": 0.0,
            "recovery_factor": 0.0
        },
        "degradation": {
            "sharpe_ratio": 0.19947966502723585,
            "win_rate": 0.11962119044814296,
            "profit_factor": 0.4250925047841867,
            "max_drawdown": 0.19296756295020007,
            "volatility": 0.06688693155435241
        }
    },
    "overfitting_analysis": {
        "performance_score": 0.5626736262713802,
        "stability_score": 0.0,
        "regime_score": 0.0,
        "complexity_score": 0.2533333333333333,
        "final_score": 0.2504027838418854,
        "threshold": 0.6
    },
    "regime_specific_thresholds": {
        "performance": 0.3,
        "stability": 0.4,
        "regime": 0.5,
        "complexity": 0.7,
        "final": 0.6
    },
    "recommendations": [
        "Significant performance degradation detected. Consider implementing more robust cross-validation techniques."
    ]
}