{
    "timestamp": "2024-11-05T00:30:29.182572",
    "market_regime": "normal",
    "performance_comparison": {
        "in_sample": {
            "sharpe_ratio": 0.04229936387054804,
            "win_rate": 0.5512422360248447,
            "profit_factor": 1.1185793931532135,
            "max_drawdown": 0.1742295004171189,
            "volatility": 0.19109447185197642,
            "total_return": 0.0,
            "annual_return": 0.0,
            "sortino_ratio": 0.0,
            "calmar_ratio": 0.0,
            "total_trades": 0,
            "alpha": 0.0,
            "beta": 0.0,
            "information_ratio": 0.0,
            "recovery_factor": 0.0
        },
        "out_sample": {
            "sharpe_ratio": -0.20602810763661603,
            "win_rate": 0.4111111111111111,
            "profit_factor": 0.5847320064823206,
            "max_drawdown": 0.46019997410052393,
            "volatility": 0.12101436187729862,
            "total_return": 0.0,
            "annual_return": 0.0,
            "sortino_ratio": 0.0,
            "calmar_ratio": 0.0,
            "total_trades": 0,
            "alpha": 0.0,
            "beta": 0.0,
            "information_ratio": 0.0,
            "recovery_factor": 0.0
        },
        "degradation": {
            "sharpe_ratio": 0.24832747150716405,
            "win_rate": 0.14013112491373358,
            "profit_factor": 0.5338473866708929,
            "max_drawdown": 0.285970473683405,
            "volatility": 0.0700801099746778
        }
    },
    "overfitting_analysis": {
        "performance_score": 0.6196389368203418,
        "stability_score": 0.0,
        "regime_score": 0.0,
        "complexity_score": 0.2533333333333333,
        "final_score": 0.27318890806147006,
        "threshold": 0.6
    },
    "regime_specific_thresholds": {
        "performance": 0.3,
        "stability": 0.4,
        "regime": 0.5,
        "complexity": 0.7,
        "final": 0.6
    },
    "recommendations": [
        "Significant performance degradation detected. Consider implementing more robust cross-validation techniques."
    ]
}