{
    "timestamp": "2024-11-03T13:18:55.717107",
    "market_regime": "normal",
    "performance_comparison": {
        "in_sample": {
            "sharpe_ratio": 0.04461145162841087,
            "win_rate": 0.5592885375494071,
            "profit_factor": 1.127145352342362,
            "max_drawdown": 0.14947085148329176,
            "volatility": 0.17964821812601534,
            "avg_return": null,
            "sortino_ratio": null,
            "calmar_ratio": null,
            "total_trades": null,
            "winning_trades": null,
            "losing_trades": null
        },
        "out_sample": {
            "sharpe_ratio": -0.01960196860409447,
            "win_rate": 0.4768211920529801,
            "profit_factor": 0.9495573546984702,
            "max_drawdown": 0.16670175663820944,
            "volatility": 0.17829937492275558,
            "avg_return": null,
            "sortino_ratio": null,
            "calmar_ratio": null,
            "total_trades": null,
            "winning_trades": null,
            "losing_trades": null
        },
        "degradation": {
            "sharpe_ratio": 0.06421342023250534,
            "win_rate": 0.08246734549642698,
            "profit_factor": 0.17758799764389177,
            "max_drawdown": 0.01723090515491768,
            "volatility": 0.0013488432032597586
        }
    },
    "overfitting_analysis": {
        "performance_score": 0.2855587209821882,
        "stability_score": 0.0,
        "regime_score": 0.0,
        "complexity_score": 0.2533333333333333,
        "final_score": 0.13955682172620862,
        "threshold": 0.6
    },
    "regime_specific_thresholds": {
        "performance": 0.3,
        "stability": 0.4,
        "regime": 0.5,
        "complexity": 0.7,
        "final": 0.6
    },
    "recommendations": [
        "Model performance is within acceptable parameters. Continue monitoring for changes in market conditions."
    ]
}