{
    "timestamp": "2024-11-04T23:15:29.534336",
    "market_regime": "normal",
    "performance_comparison": {
        "in_sample": {
            "sharpe_ratio": 0.04104609745864804,
            "win_rate": 0.5652173913043478,
            "profit_factor": 1.1153557675791481,
            "max_drawdown": 0.27217408621224776,
            "volatility": 0.18996230534506037,
            "total_return": 0.0,
            "annual_return": 0.0,
            "sortino_ratio": 0.0,
            "calmar_ratio": 0.0,
            "total_trades": 0,
            "alpha": 0.0,
            "beta": 0.0,
            "information_ratio": 0.0,
            "recovery_factor": 0.0
        },
        "out_sample": {
            "sharpe_ratio": -0.04296456900153483,
            "win_rate": 0.5041551246537396,
            "profit_factor": 0.8942560162243568,
            "max_drawdown": 0.24007703108119,
            "volatility": 0.12640010317255232,
            "total_return": 0.0,
            "annual_return": 0.0,
            "sortino_ratio": 0.0,
            "calmar_ratio": 0.0,
            "total_trades": 0,
            "alpha": 0.0,
            "beta": 0.0,
            "information_ratio": 0.0,
            "recovery_factor": 0.0
        },
        "degradation": {
            "sharpe_ratio": 0.08401066646018288,
            "win_rate": 0.06106226665060821,
            "profit_factor": 0.22109975135479132,
            "max_drawdown": 0.03209705513105776,
            "volatility": 0.06356220217250805
        }
    },
    "overfitting_analysis": {
        "performance_score": 0.3517596845714994,
        "stability_score": 0.0,
        "regime_score": 0.0,
        "complexity_score": 0.2533333333333333,
        "final_score": 0.1660372071619331,
        "threshold": 0.6
    },
    "regime_specific_thresholds": {
        "performance": 0.3,
        "stability": 0.4,
        "regime": 0.5,
        "complexity": 0.7,
        "final": 0.6
    },
    "recommendations": [
        "Significant performance degradation detected. Consider implementing more robust cross-validation techniques."
    ]
}