{
    "timestamp": "2024-11-06T00:33:01.891317",
    "market_regime": "normal",
    "performance_comparison": {
        "in_sample": {
            "sharpe_ratio": -0.0053795194283037095,
            "win_rate": 0.5127599243856332,
            "profit_factor": 0.9847675013175073,
            "max_drawdown": 0.46435008155293583,
            "volatility": 0.1377800133123094,
            "total_return": 0.0,
            "annual_return": 0.0,
            "sortino_ratio": 0.0,
            "calmar_ratio": 0.0,
            "total_trades": 0,
            "alpha": 0.0,
            "beta": 0.0,
            "information_ratio": 0.0,
            "recovery_factor": 0.0
        },
        "out_sample": {
            "sharpe_ratio": -0.0003287574932051787,
            "win_rate": 0.5045317220543807,
            "profit_factor": 0.9990162470388009,
            "max_drawdown": 0.34104746893243937,
            "volatility": 0.2277622013232355,
            "total_return": 0.0,
            "annual_return": 0.0,
            "sortino_ratio": 0.0,
            "calmar_ratio": 0.0,
            "total_trades": 0,
            "alpha": 0.0,
            "beta": 0.0,
            "information_ratio": 0.0,
            "recovery_factor": 0.0
        },
        "degradation": {
            "sharpe_ratio": 0.005050761935098531,
            "win_rate": 0.008228202331252543,
            "profit_factor": 0.014248745721293532,
            "max_drawdown": 0.12330261262049647,
            "volatility": 0.08998218801092608
        }
    },
    "overfitting_analysis": {
        "performance_score": 0.37760544227798976,
        "stability_score": 0.0,
        "regime_score": 0.0,
        "complexity_score": 0.2533333333333333,
        "final_score": 0.17637551024452924,
        "threshold": 0.6
    },
    "regime_specific_thresholds": {
        "performance": 0.3,
        "stability": 0.4,
        "regime": 0.5,
        "complexity": 0.7,
        "final": 0.6
    },
    "recommendations": [
        "Significant performance degradation detected. Consider implementing more robust cross-validation techniques."
    ]
}