{
    "timestamp": "2024-10-29T21:51:25.856385",
    "market_regime": "normal",
    "performance_comparison": {
        "in_sample": {
            "sharpe_ratio": 0.043583816968837515,
            "win_rate": 0.5642633228840125,
            "profit_factor": 1.1229260172818385,
            "max_drawdown": 0.31526358736421695,
            "volatility": 0.19036793819563935,
            "avg_return": null,
            "sortino_ratio": null,
            "calmar_ratio": null,
            "total_trades": null,
            "winning_trades": null,
            "losing_trades": null
        },
        "out_sample": {
            "sharpe_ratio": -0.051244266872204396,
            "win_rate": 0.49303621169916434,
            "profit_factor": 0.8763697405867353,
            "max_drawdown": 0.1914057639856883,
            "volatility": 0.1216128951190561,
            "avg_return": null,
            "sortino_ratio": null,
            "calmar_ratio": null,
            "total_trades": null,
            "winning_trades": null,
            "losing_trades": null
        },
        "degradation": {
            "sharpe_ratio": 0.09482808384104191,
            "win_rate": 0.07122711118484815,
            "profit_factor": 0.24655627669510316,
            "max_drawdown": 0.12385782337852866,
            "volatility": 0.06875504307658326
        }
    },
    "overfitting_analysis": {
        "performance_score": 0.41996722220926685,
        "stability_score": 0.0,
        "regime_score": 0.0,
        "complexity_score": 0.2533333333333333,
        "final_score": 0.1933202222170401,
        "threshold": 0.6
    },
    "regime_specific_thresholds": {
        "performance": 0.3,
        "stability": 0.4,
        "regime": 0.5,
        "complexity": 0.7,
        "final": 0.6
    },
    "recommendations": [
        "Significant performance degradation detected. Consider implementing more robust cross-validation techniques."
    ]
}