{
    "timestamp": "2024-10-27T18:16:05.308230",
    "market_regime": "normal",
    "performance_comparison": {
        "in_sample": {
            "sharpe_ratio": 2.3255973479062506,
            "win_rate": 0.807570977917981,
            "profit_factor": 1.455548294441827,
            "max_drawdown": -0.06794917352403065,
            "volatility": 0.13165378726391144,
            "avg_return": null,
            "sortino_ratio": null,
            "calmar_ratio": null,
            "total_trades": null,
            "winning_trades": null,
            "losing_trades": null
        },
        "out_sample": {
            "sharpe_ratio": 0.6508854928878978,
            "win_rate": 0.7133333333333334,
            "profit_factor": 1.1160343480253645,
            "max_drawdown": -0.0941433682623076,
            "volatility": 0.12792732795334005,
            "avg_return": null,
            "sortino_ratio": null,
            "calmar_ratio": null,
            "total_trades": null,
            "winning_trades": null,
            "losing_trades": null
        },
        "degradation": {
            "sharpe_ratio": 1.6747118550183528,
            "win_rate": 0.09423764458464767,
            "profit_factor": 0.3395139464164625,
            "max_drawdown": 0.026194194738276944,
            "volatility": 0.0037264593105713895
        }
    },
    "overfitting_analysis": {
        "performance_score": 0.29677415252420924,
        "stability_score": 0.0,
        "regime_score": 0.0,
        "complexity_score": 0.22666666666666666,
        "final_score": 0.1413763276763504,
        "threshold": 0.6
    },
    "regime_specific_thresholds": {
        "performance": 0.3,
        "stability": 0.4,
        "regime": 0.5,
        "complexity": 0.7,
        "final": 0.6
    },
    "recommendations": [
        "Model performance is within acceptable parameters. Continue monitoring for changes in market conditions."
    ]
}