{
    "timestamp": "2024-10-29T22:30:53.687915",
    "market_regime": "normal",
    "performance_comparison": {
        "in_sample": {
            "sharpe_ratio": 0.041967258996664196,
            "win_rate": 0.5598159509202454,
            "profit_factor": 1.1179248429937716,
            "max_drawdown": 0.2734644046412262,
            "volatility": 0.19012703969443784,
            "avg_return": null,
            "sortino_ratio": null,
            "calmar_ratio": null,
            "total_trades": null,
            "winning_trades": null,
            "losing_trades": null
        },
        "out_sample": {
            "sharpe_ratio": -0.08055606270092724,
            "win_rate": 0.4821917808219178,
            "profit_factor": 0.8108056773935359,
            "max_drawdown": 0.3085132775035081,
            "volatility": 0.12259594043761232,
            "avg_return": null,
            "sortino_ratio": null,
            "calmar_ratio": null,
            "total_trades": null,
            "winning_trades": null,
            "losing_trades": null
        },
        "degradation": {
            "sharpe_ratio": 0.12252332169759145,
            "win_rate": 0.07762417009832756,
            "profit_factor": 0.30711916560023567,
            "max_drawdown": 0.03504887286228192,
            "volatility": 0.06753109925682552
        }
    },
    "overfitting_analysis": {
        "performance_score": 0.3793476370778659,
        "stability_score": 0.0,
        "regime_score": 0.0,
        "complexity_score": 0.2533333333333333,
        "final_score": 0.17707238816447968,
        "threshold": 0.6
    },
    "regime_specific_thresholds": {
        "performance": 0.3,
        "stability": 0.4,
        "regime": 0.5,
        "complexity": 0.7,
        "final": 0.6
    },
    "recommendations": [
        "Significant performance degradation detected. Consider implementing more robust cross-validation techniques."
    ]
}