{
    "timestamp": "2024-11-04T23:15:28.731115",
    "market_regime": "normal",
    "performance_comparison": {
        "in_sample": {
            "sharpe_ratio": 0.07370496514544132,
            "win_rate": 0.5714285714285714,
            "profit_factor": 1.2180440778655397,
            "max_drawdown": 0.23698274458059315,
            "volatility": 0.1851889813993101,
            "total_return": 0.0,
            "annual_return": 0.0,
            "sortino_ratio": 0.0,
            "calmar_ratio": 0.0,
            "total_trades": 0,
            "alpha": 0.0,
            "beta": 0.0,
            "information_ratio": 0.0,
            "recovery_factor": 0.0
        },
        "out_sample": {
            "sharpe_ratio": -0.0838748335605912,
            "win_rate": 0.49683544303797467,
            "profit_factor": 0.800305908653738,
            "max_drawdown": 0.31297480739040484,
            "volatility": 0.15835088340527456,
            "total_return": 0.0,
            "annual_return": 0.0,
            "sortino_ratio": 0.0,
            "calmar_ratio": 0.0,
            "total_trades": 0,
            "alpha": 0.0,
            "beta": 0.0,
            "information_ratio": 0.0,
            "recovery_factor": 0.0
        },
        "degradation": {
            "sharpe_ratio": 0.1575797987060325,
            "win_rate": 0.07459312839059673,
            "profit_factor": 0.41773816921180174,
            "max_drawdown": 0.07599206280981169,
            "volatility": 0.026838097994035526
        }
    },
    "overfitting_analysis": {
        "performance_score": 0.38781677323169683,
        "stability_score": 0.0,
        "regime_score": 0.0,
        "complexity_score": 0.2533333333333333,
        "final_score": 0.18046004262601206,
        "threshold": 0.6
    },
    "regime_specific_thresholds": {
        "performance": 0.3,
        "stability": 0.4,
        "regime": 0.5,
        "complexity": 0.7,
        "final": 0.6
    },
    "recommendations": [
        "Significant performance degradation detected. Consider implementing more robust cross-validation techniques."
    ]
}