{
    "timestamp": "2024-11-04T00:24:14.820839",
    "market_regime": "normal",
    "performance_comparison": {
        "in_sample": {
            "sharpe_ratio": -0.005478619827884132,
            "win_rate": 0.540500736377025,
            "profit_factor": 0.9855239834672842,
            "max_drawdown": 0.28360450180408425,
            "volatility": 0.18819228440443508,
            "total_return": 0.0,
            "annual_return": 0.0,
            "sortino_ratio": 0.0,
            "calmar_ratio": 0.0,
            "total_trades": 0,
            "alpha": 0.0,
            "beta": 0.0,
            "information_ratio": 0.0,
            "recovery_factor": 0.0
        },
        "out_sample": {
            "sharpe_ratio": -0.12651867344639817,
            "win_rate": 0.44680851063829785,
            "profit_factor": 0.7198171313670287,
            "max_drawdown": 0.36023729635466456,
            "volatility": 0.12053758920106536,
            "total_return": 0.0,
            "annual_return": 0.0,
            "sortino_ratio": 0.0,
            "calmar_ratio": 0.0,
            "total_trades": 0,
            "alpha": 0.0,
            "beta": 0.0,
            "information_ratio": 0.0,
            "recovery_factor": 0.0
        },
        "degradation": {
            "sharpe_ratio": 0.12104005361851404,
            "win_rate": 0.09369222573872715,
            "profit_factor": 0.26570685210025546,
            "max_drawdown": 0.07663279455058031,
            "volatility": 0.06765469520336972
        }
    },
    "overfitting_analysis": {
        "performance_score": 0.41453217935120196,
        "stability_score": 0.0,
        "regime_score": 0.0,
        "complexity_score": 0.2533333333333333,
        "final_score": 0.19114620507381413,
        "threshold": 0.6
    },
    "regime_specific_thresholds": {
        "performance": 0.3,
        "stability": 0.4,
        "regime": 0.5,
        "complexity": 0.7,
        "final": 0.6
    },
    "recommendations": [
        "Significant performance degradation detected. Consider implementing more robust cross-validation techniques."
    ]
}