{
    "timestamp": "2024-11-04T23:27:36.862326",
    "market_regime": "normal",
    "performance_comparison": {
        "in_sample": {
            "sharpe_ratio": 0.047608502194317934,
            "win_rate": 0.5714285714285714,
            "profit_factor": 1.1360126270418955,
            "max_drawdown": 0.15667984253055514,
            "volatility": 0.1913893457786116,
            "total_return": 0.0,
            "annual_return": 0.0,
            "sortino_ratio": 0.0,
            "calmar_ratio": 0.0,
            "total_trades": 0,
            "alpha": 0.0,
            "beta": 0.0,
            "information_ratio": 0.0,
            "recovery_factor": 0.0
        },
        "out_sample": {
            "sharpe_ratio": -0.09331748926240772,
            "win_rate": 0.48036253776435045,
            "profit_factor": 0.7856905831708194,
            "max_drawdown": 0.23841048673791757,
            "volatility": 0.13573542955328152,
            "total_return": 0.0,
            "annual_return": 0.0,
            "sortino_ratio": 0.0,
            "calmar_ratio": 0.0,
            "total_trades": 0,
            "alpha": 0.0,
            "beta": 0.0,
            "information_ratio": 0.0,
            "recovery_factor": 0.0
        },
        "degradation": {
            "sharpe_ratio": 0.14092599145672566,
            "win_rate": 0.09106603366422095,
            "profit_factor": 0.3503220438710761,
            "max_drawdown": 0.08173064420736242,
            "volatility": 0.055653916225330086
        }
    },
    "overfitting_analysis": {
        "performance_score": 0.456034860624755,
        "stability_score": 0.0,
        "regime_score": 0.0,
        "complexity_score": 0.2533333333333333,
        "final_score": 0.20774727758323536,
        "threshold": 0.6
    },
    "regime_specific_thresholds": {
        "performance": 0.3,
        "stability": 0.4,
        "regime": 0.5,
        "complexity": 0.7,
        "final": 0.6
    },
    "recommendations": [
        "Significant performance degradation detected. Consider implementing more robust cross-validation techniques."
    ]
}