{
    "timestamp": "2024-11-03T12:21:50.482618",
    "market_regime": "normal",
    "performance_comparison": {
        "in_sample": {
            "sharpe_ratio": 0.03949691389772791,
            "win_rate": 0.5659163987138264,
            "profit_factor": 1.1110369430800675,
            "max_drawdown": 0.2854256929183047,
            "volatility": 0.19112196270949014,
            "avg_return": null,
            "sortino_ratio": null,
            "calmar_ratio": null,
            "total_trades": null,
            "winning_trades": null,
            "losing_trades": null
        },
        "out_sample": {
            "sharpe_ratio": -0.032218200277992305,
            "win_rate": 0.5085227272727273,
            "profit_factor": 0.920403962090542,
            "max_drawdown": 0.17837554433091338,
            "volatility": 0.12144755185258194,
            "avg_return": null,
            "sortino_ratio": null,
            "calmar_ratio": null,
            "total_trades": null,
            "winning_trades": null,
            "losing_trades": null
        },
        "degradation": {
            "sharpe_ratio": 0.07171511417572021,
            "win_rate": 0.05739367144109908,
            "profit_factor": 0.19063298098952552,
            "max_drawdown": 0.10705014858739134,
            "volatility": 0.0696744108569082
        }
    },
    "overfitting_analysis": {
        "performance_score": 0.4025214842046038,
        "stability_score": 0.0,
        "regime_score": 0.0,
        "complexity_score": 0.2533333333333333,
        "final_score": 0.18634192701517488,
        "threshold": 0.6
    },
    "regime_specific_thresholds": {
        "performance": 0.3,
        "stability": 0.4,
        "regime": 0.5,
        "complexity": 0.7,
        "final": 0.6
    },
    "recommendations": [
        "Significant performance degradation detected. Consider implementing more robust cross-validation techniques."
    ]
}