{
    "timestamp": "2024-10-29T22:06:17.463763",
    "market_regime": "normal",
    "performance_comparison": {
        "in_sample": {
            "sharpe_ratio": 0.016891986677637878,
            "win_rate": 0.5585585585585585,
            "profit_factor": 1.0458098796952395,
            "max_drawdown": 0.33292909383635566,
            "volatility": 0.18960770540925082,
            "avg_return": null,
            "sortino_ratio": null,
            "calmar_ratio": null,
            "total_trades": null,
            "winning_trades": null,
            "losing_trades": null
        },
        "out_sample": {
            "sharpe_ratio": -0.15184129678126898,
            "win_rate": 0.42318059299191374,
            "profit_factor": 0.67189310590246,
            "max_drawdown": 0.37033780442075775,
            "volatility": 0.12168657771306339,
            "avg_return": null,
            "sortino_ratio": null,
            "calmar_ratio": null,
            "total_trades": null,
            "winning_trades": null,
            "losing_trades": null
        },
        "degradation": {
            "sharpe_ratio": 0.16873328345890687,
            "win_rate": 0.13537796556664478,
            "profit_factor": 0.37391677379277954,
            "max_drawdown": 0.037408710584402094,
            "volatility": 0.06792112769618742
        }
    },
    "overfitting_analysis": {
        "performance_score": 0.4140979726156296,
        "stability_score": 0.0,
        "regime_score": 0.0,
        "complexity_score": 0.2533333333333333,
        "final_score": 0.19097252237958517,
        "threshold": 0.6
    },
    "regime_specific_thresholds": {
        "performance": 0.3,
        "stability": 0.4,
        "regime": 0.5,
        "complexity": 0.7,
        "final": 0.6
    },
    "recommendations": [
        "Significant performance degradation detected. Consider implementing more robust cross-validation techniques."
    ]
}